,-1,1,-2,2,-3,3,-4,4,-5,5,-6,6,-7,7,-8,8,-9,9,-10,10,-11,11,-12,12,0,RegionName,start_station
1,571400.0,579000.0,570200.0,581400.0,570400.0,584800.0,569100.0,587600.0,567600.0,589000.0,566500.0,590700.0,564600.0,591600.0,562200.0,593900.0,560900.0,600000.0,559600.0,603300.0,555600.0,597600.0,548500.0,589700.0,575300.0,Columbia Heights,14th+&+girard+st+nw
2,406700.0,404800.0,408100.0,408800.0,411000.0,410500.0,411900.0,405600.0,408700.0,399800.0,405000.0,399600.0,404300.0,399700.0,397800.0,397000.0,386900.0,394400.0,381800.0,396100.0,382700.0,398700.0,381300.0,400700.0,405400.0,Columbia Heights,14th+&+harvard+st+nw
3,581400.0,587600.0,579000.0,589000.0,575300.0,590700.0,571400.0,591600.0,570200.0,593900.0,570400.0,600000.0,569100.0,603300.0,567600.0,597600.0,566500.0,589700.0,564600.0,585700.0,562200.0,585400.0,560900.0,583700.0,584800.0,Columbia Heights,14th+&+irving+st+nw
4,406700.0,404800.0,408100.0,408800.0,411000.0,410500.0,411900.0,405600.0,408700.0,399800.0,405000.0,399600.0,404300.0,399700.0,397800.0,397000.0,386900.0,394400.0,381800.0,396100.0,382700.0,398700.0,381300.0,400700.0,405400.0,Columbia Heights,14th+st+&+spring+rd+nw
5,453800.0,463800.0,452500.0,469100.0,451200.0,472600.0,449200.0,476800.0,446800.0,481600.0,444100.0,486600.0,440400.0,490400.0,436100.0,492500.0,432100.0,494800.0,428300.0,499500.0,424100.0,504100.0,419100.0,508400.0,457800.0,Columbia Heights,15th+&+euclid+st++nw
6,406700.0,404800.0,408100.0,408800.0,411000.0,410500.0,411900.0,405600.0,408700.0,399800.0,405000.0,399600.0,404300.0,399700.0,397800.0,397000.0,386900.0,394400.0,381800.0,396100.0,382700.0,398700.0,381300.0,400700.0,405400.0,Columbia Heights,16th+&+harvard+st+nw
7,570400.0,571400.0,569100.0,575300.0,567600.0,579000.0,566500.0,581400.0,564600.0,584800.0,562200.0,587600.0,560900.0,589000.0,559600.0,590700.0,555600.0,591600.0,548500.0,593900.0,541300.0,600000.0,535100.0,603300.0,570200.0,Columbia Heights,16th+&+irving+st+nw
8,406700.0,404800.0,408100.0,408800.0,411000.0,410500.0,411900.0,405600.0,408700.0,399800.0,405000.0,399600.0,404300.0,399700.0,397800.0,397000.0,386900.0,394400.0,381800.0,396100.0,382700.0,398700.0,381300.0,400700.0,405400.0,Columbia Heights,georgia+ave+and+fairmont+st+nw
9,406700.0,404800.0,408100.0,408800.0,411000.0,410500.0,411900.0,405600.0,408700.0,399800.0,405000.0,399600.0,404300.0,399700.0,397800.0,397000.0,386900.0,394400.0,381800.0,396100.0,382700.0,398700.0,381300.0,400700.0,405400.0,Columbia Heights,park+rd+&+holmead+pl+nw
10,538800.0,533400.0,541800.0,533700.0,541800.0,528900.0,541600.0,523400.0,542800.0,523800.0,541400.0,524900.0,536900.0,525100.0,535100.0,525300.0,526700.0,526900.0,512600.0,528000.0,505000.0,529400.0,506300.0,530800.0,533500.0,Capitol Hill,13th+&+d+st+ne
13,533100.0,535600.0,530800.0,539600.0,529400.0,544800.0,528000.0,548700.0,526900.0,553100.0,525300.0,556200.0,525100.0,557700.0,524900.0,563200.0,523800.0,571400.0,523400.0,578000.0,528900.0,583100.0,533700.0,588400.0,534300.0,Capitol Hill,4th+&+e+st+sw
14,538800.0,533400.0,541800.0,533700.0,541800.0,528900.0,541600.0,523400.0,542800.0,523800.0,541400.0,524900.0,536900.0,525100.0,535100.0,525300.0,526700.0,526900.0,512600.0,528000.0,505000.0,529400.0,506300.0,530800.0,533500.0,Capitol Hill,4th+&+east+capitol+st+ne
15,541800.0,533500.0,541800.0,533400.0,541600.0,533700.0,542800.0,528900.0,541400.0,523400.0,536900.0,523800.0,535100.0,524900.0,526700.0,525100.0,512600.0,525300.0,505000.0,526900.0,506300.0,528000.0,505600.0,529400.0,538800.0,Capitol Hill,4th+&+m+st+sw
17,613000.0,618800.0,605600.0,624100.0,599800.0,631800.0,597600.0,637200.0,596300.0,638100.0,593000.0,638400.0,588400.0,639000.0,583100.0,641900.0,578000.0,646700.0,571400.0,652000.0,563200.0,656200.0,557700.0,660300.0,617100.0,Capitol Hill,8th+&+d+st+nw
18,599800.0,613000.0,597600.0,617100.0,596300.0,618800.0,593000.0,624100.0,588400.0,631800.0,583100.0,637200.0,578000.0,638100.0,571400.0,638400.0,563200.0,639000.0,557700.0,641900.0,556200.0,646700.0,553100.0,652000.0,605600.0,Capitol Hill,8th+&+east+capitol+st+ne
19,700300.0,711500.0,693700.0,714400.0,687200.0,717200.0,681600.0,720400.0,677100.0,721500.0,673200.0,718700.0,672100.0,717400.0,672200.0,720400.0,671900.0,725100.0,669400.0,729700.0,665200.0,734400.0,660300.0,735600.0,706400.0,Capitol Hill,8th+&+f+st+nw
20,700300.0,711500.0,693700.0,714400.0,687200.0,717200.0,681600.0,720400.0,677100.0,721500.0,673200.0,718700.0,672100.0,717400.0,672200.0,720400.0,671900.0,725100.0,669400.0,729700.0,665200.0,734400.0,660300.0,735600.0,706400.0,Capitol Hill,8th+&+o+st+nw
21,525300.0,528000.0,525100.0,529400.0,524900.0,530800.0,523800.0,533100.0,523400.0,534300.0,528900.0,535600.0,533700.0,539600.0,533400.0,544800.0,533500.0,548700.0,538800.0,553100.0,541800.0,556200.0,541800.0,557700.0,526900.0,Capitol Hill,branch+&+pennsylvania+ave+se
22,624100.0,637200.0,618800.0,638100.0,617100.0,638400.0,613000.0,639000.0,605600.0,641900.0,599800.0,646700.0,597600.0,652000.0,596300.0,656200.0,593000.0,660300.0,588400.0,665200.0,583100.0,669400.0,578000.0,671900.0,631800.0,Capitol Hill,broschart+&+blackwell+rd
23,538800.0,533400.0,541800.0,533700.0,541800.0,528900.0,541600.0,523400.0,542800.0,523800.0,541400.0,524900.0,536900.0,525100.0,535100.0,525300.0,526700.0,526900.0,512600.0,528000.0,505000.0,529400.0,506300.0,530800.0,533500.0,Capitol Hill,c+&+o+canal+&+wisconsin+ave+nw
24,535600.0,544800.0,534300.0,548700.0,533100.0,553100.0,530800.0,556200.0,529400.0,557700.0,528000.0,563200.0,526900.0,571400.0,525300.0,578000.0,525100.0,583100.0,524900.0,588400.0,523800.0,593000.0,523400.0,596300.0,539600.0,Capitol Hill,d+st+&+maryland+ave+ne
25,631800.0,638100.0,624100.0,638400.0,618800.0,639000.0,617100.0,641900.0,613000.0,646700.0,605600.0,652000.0,599800.0,656200.0,597600.0,660300.0,596300.0,665200.0,593000.0,669400.0,588400.0,671900.0,583100.0,672200.0,637200.0,Capitol Hill,deanwood+rec+center
27,538800.0,533400.0,541800.0,533700.0,541800.0,528900.0,541600.0,523400.0,542800.0,523800.0,541400.0,524900.0,536900.0,525100.0,535100.0,525300.0,526700.0,526900.0,512600.0,528000.0,505000.0,529400.0,506300.0,530800.0,533500.0,Capitol Hill,eastern+market+metro+/+pennsylvania+ave+&+7th+st+se
28,538800.0,533400.0,541800.0,533700.0,541800.0,528900.0,541600.0,523400.0,542800.0,523800.0,541400.0,524900.0,536900.0,525100.0,535100.0,525300.0,526700.0,526900.0,512600.0,528000.0,505000.0,529400.0,506300.0,530800.0,533500.0,Capitol Hill,lincoln+park+/+13th+&+east+capitol+st+ne
29,541800.0,533500.0,541800.0,533400.0,541600.0,533700.0,542800.0,528900.0,541400.0,523400.0,536900.0,523800.0,535100.0,524900.0,526700.0,525100.0,512600.0,525300.0,505000.0,526900.0,506300.0,528000.0,505600.0,529400.0,538800.0,Capitol Hill,potomac+&+pennsylvania+ave+se
30,734400.0,735300.0,729700.0,736700.0,725100.0,738800.0,720400.0,739900.0,717400.0,743300.0,718700.0,753500.0,721500.0,763700.0,720400.0,765300.0,717200.0,758800.0,714400.0,750500.0,711500.0,746100.0,706400.0,748000.0,735600.0,Capitol Hill,potomac+&+swann+ave
31,361400.0,372100.0,359400.0,378100.0,358000.0,382800.0,355200.0,387700.0,351300.0,393800.0,347800.0,400700.0,345800.0,407500.0,342100.0,412600.0,335500.0,416400.0,328800.0,421600.0,324500.0,428300.0,322200.0,435100.0,365600.0,Petworth,14th+&+upshur+st+nw
32,310500.0,313100.0,311900.0,317100.0,312400.0,320100.0,313000.0,322200.0,315800.0,324500.0,319100.0,328800.0,323700.0,335500.0,327800.0,342100.0,329700.0,345800.0,330400.0,347800.0,332500.0,351300.0,332300.0,355200.0,310200.0,Petworth,9th+&+upshur+st+nw
33,477400.0,485200.0,476300.0,490900.0,475100.0,496700.0,473300.0,503000.0,473000.0,508400.0,473600.0,511300.0,472300.0,512500.0,468800.0,513400.0,465400.0,514600.0,463600.0,516300.0,462500.0,516600.0,460300.0,516000.0,480300.0,Adams Morgan,18th+st+&+wyoming+ave+nw
34,445500.0,446400.0,447500.0,442500.0,449500.0,438000.0,452200.0,438300.0,455400.0,440000.0,457000.0,439700.0,454300.0,439500.0,450500.0,441500.0,448200.0,442600.0,445000.0,443200.0,439700.0,443500.0,435700.0,444500.0,446300.0,Adams Morgan,36th+&+calvert+st+nw+/+glover+park
35,449500.0,445500.0,452200.0,446300.0,455400.0,446400.0,457000.0,442500.0,454300.0,438000.0,450500.0,438300.0,448200.0,440000.0,445000.0,439700.0,439700.0,439500.0,435700.0,441500.0,435500.0,442600.0,436400.0,443200.0,447500.0,Adams Morgan,adams+mill+&+columbia+rd+nw
36,444500.0,451900.0,443500.0,454800.0,443200.0,456800.0,442600.0,458200.0,441500.0,460300.0,439500.0,462500.0,439700.0,463600.0,440000.0,465400.0,438300.0,468800.0,438000.0,472300.0,442500.0,473600.0,446400.0,473000.0,447800.0,Adams Morgan,california+st+&+florida+ave+nw
37,496700.0,508400.0,490900.0,511300.0,485200.0,512500.0,480300.0,513400.0,477400.0,514600.0,476300.0,516300.0,475100.0,516600.0,473300.0,516000.0,473000.0,517200.0,473600.0,519200.0,472300.0,520800.0,468800.0,521900.0,503000.0,Adams Morgan,calvert+&+biltmore+st+nw
38,449500.0,445500.0,452200.0,446300.0,455400.0,446400.0,457000.0,442500.0,454300.0,438000.0,450500.0,438300.0,448200.0,440000.0,445000.0,439700.0,439700.0,439500.0,435700.0,441500.0,435500.0,442600.0,436400.0,443200.0,447500.0,Adams Morgan,calvert+st+&+woodley+pl+nw
40,440200.0,439200.0,440100.0,442600.0,439900.0,444600.0,438800.0,441700.0,434900.0,437400.0,431400.0,437900.0,429400.0,441200.0,425200.0,443100.0,419300.0,443500.0,416000.0,443500.0,416100.0,443500.0,415700.0,444800.0,439800.0,Logan Circle,14th+&+rhode+island+ave+nw
41,481300.0,485800.0,479800.0,490900.0,476900.0,495100.0,473100.0,499300.0,470200.0,505700.0,468900.0,510500.0,467500.0,512900.0,465500.0,514100.0,461900.0,515500.0,458400.0,517000.0,456800.0,518000.0,457000.0,519400.0,482400.0,Logan Circle,s+oakland+st+&+columbia+pike
42,445400.0,447700.0,444800.0,450800.0,443500.0,453600.0,443500.0,456200.0,443500.0,457000.0,443100.0,456800.0,441200.0,458400.0,437900.0,461900.0,437400.0,465500.0,441700.0,467500.0,444600.0,468900.0,442600.0,470200.0,445600.0,Logan Circle,thomas+circle
43,353000.0,352000.0,351400.0,352200.0,351100.0,352400.0,350900.0,350000.0,349200.0,348100.0,347400.0,349400.0,346800.0,350600.0,344800.0,349700.0,341400.0,348100.0,338800.0,346200.0,338100.0,344100.0,337300.0,343700.0,353600.0,Dupont Circle,17th+&+corcoran+st+nw
44,343900.0,344200.0,343700.0,346200.0,344100.0,347800.0,346200.0,348900.0,348100.0,350900.0,349700.0,353800.0,350600.0,355500.0,349400.0,356300.0,348100.0,357400.0,350000.0,359400.0,352400.0,362400.0,352200.0,365100.0,343600.0,Dupont Circle,17th+&+rhode+island+ave+nw
45,376100.0,380700.0,374600.0,382300.0,372400.0,384000.0,369700.0,388100.0,367400.0,392600.0,365100.0,394200.0,362400.0,393100.0,359400.0,392400.0,357400.0,392500.0,356300.0,392500.0,355500.0,393000.0,353800.0,394200.0,378300.0,Dupont Circle,17th+st+&+massachusetts+ave+nw
46,396000.0,395900.0,396700.0,395800.0,396600.0,394400.0,396000.0,393400.0,395400.0,394900.0,394200.0,397400.0,393000.0,399900.0,392500.0,402400.0,392500.0,404400.0,392400.0,404500.0,393100.0,403800.0,394200.0,403400.0,395500.0,Dupont Circle,18th+&+r+st+nw
47,353600.0,352200.0,353000.0,352400.0,351400.0,350000.0,351100.0,348100.0,350900.0,349400.0,349200.0,350600.0,347400.0,349700.0,346800.0,348100.0,344800.0,346200.0,341400.0,344100.0,338800.0,343700.0,338100.0,343900.0,352000.0,Dupont Circle,19th+&+l+st+nw
48,353800.0,356300.0,350900.0,357400.0,348900.0,359400.0,347800.0,362400.0,346200.0,365100.0,344200.0,367400.0,343600.0,369700.0,343900.0,372400.0,343700.0,374600.0,344100.0,376100.0,346200.0,378300.0,348100.0,380700.0,355500.0,Dupont Circle,20th+&+l+st+nw
49,346200.0,348900.0,344200.0,350900.0,343600.0,353800.0,343900.0,355500.0,343700.0,356300.0,344100.0,357400.0,346200.0,359400.0,348100.0,362400.0,349700.0,365100.0,350600.0,367400.0,349400.0,369700.0,348100.0,372400.0,347800.0,Dupont Circle,20th+&+o+st+nw+/+dupont+south
50,353000.0,352000.0,351400.0,352200.0,351100.0,352400.0,350900.0,350000.0,349200.0,348100.0,347400.0,349400.0,346800.0,350600.0,344800.0,349700.0,341400.0,348100.0,338800.0,346200.0,338100.0,344100.0,337300.0,343700.0,353600.0,Dupont Circle,20th+st+&+florida+ave+nw
51,400200.0,399400.0,400700.0,400000.0,401900.0,400000.0,403300.0,399900.0,403400.0,400700.0,403800.0,401400.0,404500.0,401800.0,404400.0,403600.0,402400.0,409700.0,399900.0,417200.0,397400.0,419400.0,394900.0,414200.0,399700.0,Dupont Circle,22nd+&+p+st+nw
52,403300.0,400700.0,403400.0,400200.0,403800.0,399700.0,404500.0,399400.0,404400.0,400000.0,402400.0,400000.0,399900.0,399900.0,397400.0,400700.0,394900.0,401400.0,393400.0,401800.0,394400.0,403600.0,395800.0,409700.0,401900.0,Dupont Circle,connecticut+ave+&+chevy+chase+lake+dr
54,349400.0,349700.0,348100.0,348100.0,350000.0,346200.0,352400.0,344100.0,352200.0,343700.0,352000.0,343900.0,353600.0,343600.0,353000.0,344200.0,351400.0,346200.0,351100.0,347800.0,350900.0,348900.0,349200.0,350900.0,350600.0,Dupont Circle,lynn+&+19th+st+north
55,400200.0,399400.0,400700.0,400000.0,401900.0,400000.0,403300.0,399900.0,403400.0,400700.0,403800.0,401400.0,404500.0,401800.0,404400.0,403600.0,402400.0,409700.0,399900.0,417200.0,397400.0,419400.0,394900.0,414200.0,399700.0,Dupont Circle,lyttonsville+rd+&+lyttonsville+pl
56,353000.0,352000.0,351400.0,352200.0,351100.0,352400.0,350900.0,350000.0,349200.0,348100.0,347400.0,349400.0,346800.0,350600.0,344800.0,349700.0,341400.0,348100.0,338800.0,346200.0,338100.0,344100.0,337300.0,343700.0,353600.0,Dupont Circle,massachusetts+ave+&+dupont+circle+nw
57,376100.0,380700.0,374600.0,382300.0,372400.0,384000.0,369700.0,388100.0,367400.0,392600.0,365100.0,394200.0,362400.0,393100.0,359400.0,392400.0,357400.0,392500.0,356300.0,392500.0,355500.0,393000.0,353800.0,394200.0,378300.0,Dupont Circle,new+hampshire+ave+&+t+st+nw
59,502700.0,508700.0,502500.0,511900.0,504800.0,513900.0,506500.0,516800.0,504400.0,524200.0,499200.0,534300.0,494500.0,542100.0,491800.0,545500.0,490000.0,550300.0,487500.0,558800.0,480900.0,568100.0,472500.0,575200.0,504700.0,Sixteenth Street Heights,14th+st+&+colorado+ave+nw
60,461900.0,464700.0,459100.0,468100.0,456400.0,468000.0,454600.0,461200.0,451100.0,455300.0,446200.0,456800.0,445200.0,458200.0,437200.0,455700.0,422600.0,452800.0,416000.0,453800.0,420000.0,456700.0,422300.0,457700.0,463700.0,Sixteenth Street Heights,14th+st+heights+/+14th+&+crittenden+st+nw
61,502700.0,508700.0,502500.0,511900.0,504800.0,513900.0,506500.0,516800.0,504400.0,524200.0,499200.0,534300.0,494500.0,542100.0,491800.0,545500.0,490000.0,550300.0,487500.0,558800.0,480900.0,568100.0,472500.0,575200.0,504700.0,Sixteenth Street Heights,georgia+ave+&+emerson+st+nw
62,875900.0,886200.0,875300.0,892800.0,877400.0,890800.0,875800.0,880700.0,870800.0,880400.0,863900.0,883900.0,860200.0,879900.0,856500.0,870700.0,862900.0,866000.0,871400.0,866700.0,870800.0,866600.0,863400.0,861000.0,878600.0,Georgetown,18th+&+m+st+nw
63,875300.0,878600.0,877400.0,886200.0,875800.0,892800.0,870800.0,890800.0,863900.0,880700.0,860200.0,880400.0,856500.0,883900.0,862900.0,879900.0,871400.0,870700.0,870800.0,866000.0,863400.0,866700.0,861900.0,866600.0,875900.0,Georgetown,21st+&+m+st+nw
65,894700.0,903500.0,884800.0,904100.0,877700.0,901000.0,874400.0,894800.0,875300.0,900800.0,870600.0,915600.0,861700.0,925100.0,855700.0,929200.0,861000.0,935900.0,866600.0,941000.0,866700.0,943100.0,866000.0,946200.0,900100.0,Georgetown,24th+&+n+st+nw
67,1006000.0,1014900.0,1001400.0,1011300.0,997900.0,1004000.0,994500.0,1004200.0,990300.0,1014100.0,985900.0,1024100.0,980200.0,1028600.0,979700.0,1032700.0,978700.0,1040100.0,968600.0,1050300.0,953400.0,1063900.0,946200.0,1081100.0,1012100.0,Georgetown,34th+&+water+st+nw
68,875900.0,886200.0,875300.0,892800.0,877400.0,890800.0,875800.0,880700.0,870800.0,880400.0,863900.0,883900.0,860200.0,879900.0,856500.0,870700.0,862900.0,866000.0,871400.0,866700.0,870800.0,866600.0,863400.0,861000.0,878600.0,Georgetown,37th+&+o+st+nw+/+georgetown+university
69,875900.0,886200.0,875300.0,892800.0,877400.0,890800.0,875800.0,880700.0,870800.0,880400.0,863900.0,883900.0,860200.0,879900.0,856500.0,870700.0,862900.0,866000.0,871400.0,866700.0,870800.0,866600.0,863400.0,861000.0,878600.0,Georgetown,convention+center+/+7th+&+m+st+nw
70,875900.0,886200.0,875300.0,892800.0,877400.0,890800.0,875800.0,880700.0,870800.0,880400.0,863900.0,883900.0,860200.0,879900.0,856500.0,870700.0,862900.0,866000.0,871400.0,866700.0,870800.0,866600.0,863400.0,861000.0,878600.0,Georgetown,georgetown+harbor+/+30th+st+nw
72,929200.0,941000.0,925100.0,943100.0,915600.0,946200.0,900800.0,953400.0,894800.0,968600.0,901000.0,978700.0,904100.0,979700.0,903500.0,980200.0,900100.0,985900.0,894700.0,990300.0,884800.0,994500.0,877700.0,997900.0,935900.0,Georgetown,wisconsin+ave+&+o+st+nw
73,1115200.0,1115400.0,1115300.0,1122400.0,1117700.0,1117100.0,1149500.0,1108200.0,1166300.0,1110900.0,1139400.0,1120200.0,1105500.0,1131000.0,1095600.0,1138700.0,1081100.0,1155600.0,1063900.0,1175800.0,1050300.0,1181200.0,1040100.0,1162900.0,1112100.0,Georgetown,woodmont+ave+&+strathmore+st
74,356400.0,355600.0,354000.0,357800.0,356400.0,364500.0,360500.0,369900.0,360500.0,372400.0,357500.0,371700.0,356400.0,370400.0,358100.0,372600.0,356800.0,377300.0,351300.0,380100.0,346500.0,378300.0,340500.0,373000.0,357700.0,Foggy Bottom,18th+&+c+st+nw
75,307800.0,310900.0,309500.0,313300.0,310800.0,314700.0,311300.0,316600.0,310500.0,317700.0,309500.0,317600.0,308100.0,319100.0,306400.0,321700.0,305500.0,324500.0,307100.0,325600.0,314300.0,324000.0,322300.0,322600.0,307900.0,Foggy Bottom,18th+st+&+pennsylvania+ave+nw
76,313900.0,322300.0,311400.0,314300.0,311800.0,307100.0,312300.0,305500.0,,306400.0,,308100.0,,309500.0,,310500.0,,311300.0,,310800.0,,309500.0,,307800.0,320400.0,Foggy Bottom,19th+st+&+constitution+ave+nw
77,311400.0,320400.0,311800.0,322300.0,312300.0,314300.0,,307100.0,,305500.0,,306400.0,,308100.0,,309500.0,,310500.0,,311300.0,,310800.0,,309500.0,313900.0,Foggy Bottom,19th+st+&+pennsylvania+ave+nw
78,322500.0,320100.0,322600.0,320900.0,324000.0,322700.0,325600.0,325800.0,324500.0,329700.0,321700.0,333700.0,319100.0,338700.0,317600.0,343400.0,317700.0,346200.0,316600.0,348300.0,314700.0,349000.0,313300.0,348700.0,321000.0,Foggy Bottom,20th+st+&+virginia+ave+nw
79,311400.0,320400.0,311800.0,322300.0,312300.0,314300.0,,307100.0,,305500.0,,306400.0,,308100.0,,309500.0,,310500.0,,311300.0,,310800.0,,309500.0,313900.0,Foggy Bottom,21st+&+i+st+nw
80,322500.0,320100.0,322600.0,320900.0,324000.0,322700.0,325600.0,325800.0,324500.0,329700.0,321700.0,333700.0,319100.0,338700.0,317600.0,343400.0,317700.0,346200.0,316600.0,348300.0,314700.0,349000.0,313300.0,348700.0,321000.0,Foggy Bottom,21st+st+&+constitution+ave+nw
81,317600.0,321700.0,317700.0,324500.0,316600.0,325600.0,314700.0,324000.0,313300.0,322600.0,310900.0,322500.0,307900.0,321000.0,307800.0,320100.0,309500.0,320900.0,310800.0,322700.0,311300.0,325800.0,310500.0,329700.0,319100.0,Foggy Bottom,21st+st+&+pennsylvania+ave+nw
82,319100.0,324500.0,317600.0,325600.0,317700.0,324000.0,316600.0,322600.0,314700.0,322500.0,313300.0,321000.0,310900.0,320100.0,307900.0,320900.0,307800.0,322700.0,309500.0,325800.0,310800.0,329700.0,311300.0,333700.0,321700.0,Foggy Bottom,22nd+&+i+st+nw+/+foggy+bottom
84,355600.0,364500.0,357700.0,369900.0,356400.0,372400.0,354000.0,371700.0,356400.0,370400.0,360500.0,372600.0,360500.0,377300.0,357500.0,380100.0,356400.0,378300.0,358100.0,373000.0,356800.0,371200.0,351300.0,356100.0,357800.0,Foggy Bottom,henry+bacon+dr+&+lincoln+memorial+circle+nw
85,325600.0,322600.0,324500.0,322500.0,321700.0,321000.0,319100.0,320100.0,317600.0,320900.0,317700.0,322700.0,316600.0,325800.0,314700.0,329700.0,313300.0,333700.0,310900.0,338700.0,307900.0,343400.0,307800.0,346200.0,324000.0,Foggy Bottom,lincoln+memorial
86,339600.0,333100.0,339700.0,330300.0,339400.0,330300.0,341800.0,330200.0,345800.0,329300.0,348200.0,328500.0,348700.0,332900.0,349000.0,340500.0,348300.0,346500.0,346200.0,351300.0,343400.0,356800.0,338700.0,358100.0,337700.0,Foggy Bottom,new+hampshire+ave+&+24th+st+nw
87,313900.0,322300.0,311400.0,314300.0,311800.0,307100.0,312300.0,305500.0,,306400.0,,308100.0,,309500.0,,310500.0,,311300.0,,310800.0,,309500.0,,307800.0,320400.0,Foggy Bottom,us+dept+of+state+/+virginia+ave+&+21st+st+nw
88,611700.0,609600.0,614900.0,611300.0,617700.0,608400.0,620700.0,604200.0,,606800.0,,612100.0,,615600.0,,616400.0,,617100.0,,617700.0,,619700.0,,620900.0,608100.0,Mount Pleasant,harvard+st+&+adams+mill+rd+nw
89,614900.0,608100.0,617700.0,609600.0,620700.0,611300.0,,608400.0,,604200.0,,606800.0,,612100.0,,615600.0,,616400.0,,617100.0,,617700.0,,619700.0,611700.0,Mount Pleasant,lamont+&+mt+pleasant+nw
90,287400.0,287200.0,287900.0,289500.0,289100.0,291000.0,288400.0,289600.0,285400.0,287900.0,284700.0,289500.0,285600.0,290900.0,281900.0,291300.0,275200.0,292000.0,271900.0,293500.0,272200.0,294100.0,272700.0,294200.0,287300.0,Kingman Park,14th+&+d+st+se
91,344000.0,356800.0,340500.0,364300.0,337400.0,372500.0,334000.0,380500.0,329600.0,386800.0,324900.0,392000.0,321700.0,395100.0,317200.0,396600.0,312400.0,398400.0,309200.0,400900.0,308000.0,403100.0,307000.0,403200.0,349700.0,Kingman Park,15th+&+east+capitol+st+ne
92,344000.0,356800.0,340500.0,364300.0,337400.0,372500.0,334000.0,380500.0,329600.0,386800.0,324900.0,392000.0,321700.0,395100.0,317200.0,396600.0,312400.0,398400.0,309200.0,400900.0,308000.0,403100.0,307000.0,403200.0,349700.0,Kingman Park,15th+&+f+st+ne
94,287400.0,287200.0,287900.0,289500.0,289100.0,291000.0,288400.0,289600.0,285400.0,287900.0,284700.0,289500.0,285600.0,290900.0,281900.0,291300.0,275200.0,292000.0,271900.0,293500.0,272200.0,294100.0,272700.0,294200.0,287300.0,Kingman Park,19th+&+east+capitol+st+se
96,461000.0,465400.0,456900.0,468300.0,450000.0,470000.0,443500.0,471200.0,438200.0,471600.0,433500.0,471300.0,427400.0,473700.0,422200.0,478800.0,419000.0,483500.0,415800.0,487100.0,410400.0,491400.0,405700.0,495900.0,463100.0,Kingman Park,oklahoma+ave+&+d+st+ne
97,633800.0,653800.0,625800.0,664500.0,621300.0,671000.0,620500.0,675000.0,618400.0,676700.0,616100.0,678000.0,615200.0,679000.0,611500.0,678400.0,606300.0,675600.0,603200.0,675000.0,599800.0,675800.0,594700.0,675400.0,643200.0,Shaw,11th+&+s+st+nw
98,460600.0,460800.0,461000.0,464100.0,459800.0,466600.0,457800.0,465400.0,453800.0,462700.0,449200.0,463700.0,447300.0,467300.0,444900.0,469300.0,440700.0,468900.0,439100.0,469400.0,439400.0,471600.0,439700.0,472700.0,459900.0,Shaw,12th+&+army+navy+dr
99,472400.0,475100.0,472700.0,477900.0,471600.0,480400.0,469400.0,481800.0,468900.0,482100.0,469300.0,482300.0,467300.0,484400.0,463700.0,488200.0,462700.0,492200.0,465400.0,497500.0,466600.0,501500.0,464100.0,503300.0,472800.0,Shaw,7th+&+r+st+nw+/+shaw+library
106,717900.0,713800.0,722900.0,713100.0,726500.0,708500.0,726300.0,703400.0,724300.0,705300.0,718200.0,710400.0,712500.0,713100.0,709100.0,712200.0,706700.0,711800.0,704200.0,714600.0,703500.0,718900.0,702300.0,718800.0,713600.0,Cleveland Park,connecticut+ave+&+newark+st+nw+/+cleveland+park
107,814800.0,816400.0,815800.0,820000.0,809000.0,823600.0,796700.0,827000.0,789600.0,828300.0,786200.0,828800.0,781700.0,829300.0,776000.0,828700.0,771300.0,826800.0,767700.0,827600.0,766500.0,831400.0,763300.0,835800.0,813300.0,Cleveland Park,connecticut+ave+&+tilden+st+nw
108,439700.0,443200.0,439800.0,442300.0,440600.0,432700.0,441400.0,424000.0,,423700.0,,424100.0,,422900.0,,423000.0,,424900.0,,426300.0,,427400.0,,428700.0,439400.0,Near Northeast,13th+&+h+st+ne
109,464100.0,470200.0,459400.0,473500.0,453600.0,476000.0,447000.0,477000.0,441700.0,478300.0,437000.0,480500.0,432800.0,482200.0,430000.0,484300.0,428700.0,486900.0,427400.0,491800.0,426300.0,496900.0,424900.0,499400.0,467300.0,Near Northeast,gallaudet+/+8th+st+&+florida+ave+ne
110,654000.0,657300.0,650500.0,653300.0,645500.0,653000.0,636300.0,655200.0,628000.0,656800.0,620500.0,658500.0,613700.0,663300.0,607400.0,669500.0,599600.0,675400.0,593300.0,681500.0,590700.0,685100.0,588600.0,687200.0,657600.0,Near Northeast,maryland+ave+&+e+st+ne
112,328000.0,325900.0,325100.0,325800.0,320900.0,324900.0,316800.0,325400.0,311700.0,327200.0,306600.0,327000.0,302500.0,325200.0,299300.0,325700.0,297600.0,328000.0,297300.0,328400.0,296800.0,327400.0,294400.0,329600.0,327100.0,Southwest Waterfront,6th+&+water+st+sw+/+sw+waterfront
113,327000.0,325700.0,327200.0,328000.0,325400.0,328400.0,324900.0,327400.0,325800.0,329600.0,325900.0,334600.0,327100.0,338900.0,328000.0,342200.0,325100.0,344000.0,320900.0,347100.0,316800.0,350700.0,311700.0,353300.0,325200.0,Southwest Waterfront,eisenhower+ave+&+mill+race+ln
115,234900.0,240300.0,233900.0,243300.0,232900.0,245900.0,230900.0,249100.0,228500.0,252300.0,226400.0,254200.0,225500.0,254700.0,224700.0,256000.0,222500.0,261000.0,220100.0,266700.0,220700.0,268800.0,225600.0,268000.0,237000.0,Catholic University,12th+&+irving+st+ne
116,577700.0,586400.0,576100.0,585100.0,576000.0,583500.0,577400.0,584100.0,581100.0,585500.0,581000.0,588800.0,575800.0,592200.0,573400.0,592200.0,577500.0,594200.0,580900.0,598100.0,581600.0,598200.0,585400.0,600000.0,582400.0,Glover Park,39th+&+calvert+st+nw+/+stoddert
117,362300.0,367800.0,361000.0,368000.0,360900.0,362000.0,359900.0,354800.0,,353700.0,,354300.0,,354000.0,,352300.0,,351700.0,,352400.0,,353900.0,,353700.0,364000.0,Brookland,12th+&+newton+st+ne
118,400200.0,411300.0,395000.0,415600.0,390100.0,420100.0,386600.0,425800.0,385400.0,432900.0,384000.0,439800.0,381100.0,443500.0,376600.0,445600.0,370800.0,448800.0,364600.0,451900.0,360500.0,453600.0,358200.0,455800.0,405900.0,Brookland,18th+st+&+rhode+island+ave+ne
119,445600.0,451900.0,443500.0,453600.0,439800.0,455800.0,432900.0,458900.0,425800.0,461900.0,420100.0,464900.0,415600.0,468300.0,411300.0,474000.0,405900.0,481500.0,400200.0,486900.0,395000.0,489000.0,390100.0,492400.0,448800.0,Brookland,rhode+island+ave+metro
120,425800.0,439800.0,420100.0,443500.0,415600.0,445600.0,411300.0,448800.0,405900.0,451900.0,400200.0,453600.0,395000.0,455800.0,390100.0,458900.0,386600.0,461900.0,385400.0,464900.0,384000.0,468300.0,381100.0,474000.0,432900.0,Brookland,ripley+&+bonifant+st
121,181200.0,184300.0,180500.0,186700.0,180900.0,190100.0,182100.0,193600.0,183400.0,196200.0,183800.0,197700.0,182500.0,198500.0,180100.0,198900.0,178100.0,199300.0,177000.0,199000.0,175700.0,199600.0,173800.0,201000.0,182800.0,Buena Vista,pleasant+st+&+mlk+ave+se
122,422600.0,432100.0,421500.0,436500.0,421400.0,440700.0,419100.0,445500.0,413800.0,449100.0,409600.0,451600.0,409500.0,453700.0,409400.0,456500.0,406800.0,459000.0,402600.0,460700.0,400600.0,462200.0,398300.0,465500.0,426800.0,Mount Vernon Square,5th+st+&+massachusetts+ave+nw
123,195500.0,196100.0,195600.0,196900.0,195400.0,198500.0,193600.0,200100.0,190100.0,201900.0,186800.0,203700.0,184600.0,204200.0,182900.0,204200.0,180800.0,205600.0,178900.0,208200.0,177300.0,210600.0,176100.0,213200.0,195900.0,Randle Highlands,28th+st+s+&+s+meade+st
125,192000.0,198300.0,188200.0,199700.0,185300.0,200500.0,184800.0,200100.0,185900.0,199200.0,186000.0,199400.0,185000.0,201700.0,183600.0,205300.0,181900.0,208600.0,180400.0,210700.0,179000.0,213700.0,177300.0,217800.0,195600.0,Congress Heights,alabama+&+mlk+ave+se
126,266200.0,265000.0,268000.0,266200.0,268500.0,266000.0,267800.0,265100.0,265600.0,265500.0,262200.0,267400.0,259500.0,270100.0,258200.0,272500.0,256100.0,273400.0,252600.0,275400.0,249600.0,280400.0,248100.0,286600.0,264500.0,Congress Heights,south+capitol+&+atlantic+st+sw
127,252700.0,255600.0,254800.0,256300.0,259000.0,255200.0,261800.0,255600.0,,257600.0,,257900.0,,256600.0,,254000.0,,249600.0,,244300.0,,241900.0,,242100.0,253100.0,Trinidad,bladensburg+rd+&+benning+rd+ne
128,326100.0,344900.0,315500.0,354800.0,308100.0,365100.0,303000.0,373100.0,300500.0,378500.0,299200.0,379800.0,297600.0,379800.0,294800.0,382400.0,290400.0,388600.0,284300.0,396300.0,276900.0,401300.0,269000.0,403300.0,336000.0,Trinidad,neal+st+&+trinidad+ave+ne
130,621000.0,625200.0,623100.0,630000.0,619500.0,627300.0,613600.0,624100.0,609800.0,623800.0,603900.0,623300.0,598700.0,621800.0,597800.0,622500.0,598500.0,623000.0,600400.0,623000.0,606800.0,623100.0,607100.0,625500.0,620500.0,Woodley Park,3000+connecticut+ave+nw+/+national+zoo
131,438800.0,443200.0,440300.0,447700.0,439500.0,450800.0,436700.0,455200.0,434200.0,462600.0,431600.0,469300.0,429900.0,473900.0,427800.0,479100.0,424900.0,487100.0,424400.0,491500.0,429100.0,492900.0,433800.0,495800.0,438900.0,Bloomingdale,1st+&+rhode+island+ave+nw
132,450500.0,452800.0,450000.0,453600.0,449100.0,456000.0,447100.0,458400.0,445800.0,459900.0,444900.0,462600.0,443200.0,467000.0,440500.0,471100.0,437300.0,473600.0,436600.0,475600.0,442000.0,477500.0,448300.0,479400.0,451600.0,Barney Circle,15th+st+&+massachusetts+ave+se
133,340800.0,348500.0,339000.0,349500.0,337200.0,345600.0,334200.0,341000.0,330900.0,338900.0,326700.0,337200.0,323400.0,337400.0,323800.0,338000.0,322500.0,338600.0,318600.0,339500.0,318100.0,342200.0,322700.0,345900.0,343400.0,Park View,11th+&+kenyon+st+nw
134,350600.0,359700.0,345900.0,362900.0,342200.0,365800.0,339500.0,368400.0,338600.0,370000.0,338000.0,372100.0,337400.0,376100.0,337200.0,381700.0,338900.0,386300.0,341000.0,391100.0,345600.0,395900.0,349500.0,399400.0,355600.0,Park View,columbia+rd+&+georgia+ave+nw
135,339000.0,343400.0,337200.0,348500.0,334200.0,349500.0,330900.0,345600.0,326700.0,341000.0,323400.0,338900.0,323800.0,337200.0,322500.0,337400.0,318600.0,338000.0,318100.0,338600.0,322700.0,339500.0,325100.0,342200.0,340800.0,Park View,georgia+&+new+hampshire+ave+nw
136,365800.0,370000.0,362900.0,372100.0,359700.0,376100.0,355600.0,381700.0,350600.0,386300.0,345900.0,391100.0,342200.0,395900.0,339500.0,399400.0,338600.0,403000.0,338000.0,408100.0,337400.0,412700.0,337200.0,415400.0,368400.0,Park View,n+quincy+st+&+glebe+rd
137,365800.0,370000.0,362900.0,372100.0,359700.0,376100.0,355600.0,381700.0,350600.0,386300.0,345900.0,391100.0,342200.0,395900.0,339500.0,399400.0,338600.0,403000.0,338000.0,408100.0,337400.0,412700.0,337200.0,415400.0,368400.0,Park View,n+randolph+st+&+fairfax+dr
138,452100.0,462200.0,450300.0,470800.0,448200.0,482200.0,443000.0,493400.0,435800.0,501100.0,428500.0,508100.0,422200.0,515100.0,418300.0,520700.0,416900.0,522500.0,415400.0,520600.0,412700.0,519900.0,408100.0,525300.0,455900.0,Park View,veterans+pl+&+pershing+dr
139,176400.0,182100.0,175000.0,185100.0,174400.0,188000.0,174100.0,190100.0,174100.0,192200.0,174100.0,194600.0,174200.0,196300.0,174100.0,197400.0,173700.0,199000.0,174200.0,200900.0,175800.0,202200.0,178800.0,204900.0,179000.0,Anacostia,good+hope+rd+&+14th+st+se
140,211600.0,202900.0,213000.0,201400.0,212400.0,199400.0,212100.0,195900.0,212300.0,191500.0,211900.0,187300.0,213400.0,182500.0,210300.0,178800.0,203900.0,175800.0,202700.0,174200.0,205700.0,173700.0,206200.0,174100.0,207400.0,Anacostia,good+hope+rd+&+mlk+ave+se
142,322200.0,324300.0,321600.0,323800.0,321900.0,318300.0,322900.0,313100.0,322500.0,312500.0,318900.0,312200.0,316200.0,310600.0,317900.0,308500.0,312100.0,307100.0,300700.0,306600.0,295600.0,308300.0,298100.0,311700.0,322000.0,Eckington,eckington+pl+&+q+st+ne
143,379800.0,394000.0,373900.0,403200.0,369100.0,410000.0,366600.0,414000.0,364800.0,416500.0,362100.0,419300.0,358400.0,425500.0,352500.0,434700.0,348300.0,441900.0,346300.0,445800.0,342900.0,448500.0,337700.0,452300.0,385600.0,Eckington,rhode+island+ave+&+v+st+ne
144,502800.0,501700.0,498200.0,501900.0,495400.0,503000.0,488300.0,504200.0,473900.0,501500.0,463800.0,498900.0,455700.0,499100.0,462000.0,499900.0,475800.0,499400.0,473800.0,498500.0,457600.0,496200.0,450200.0,495600.0,504200.0,Wesley Heights,ward+circle+/+american+university
145,388000.0,388400.0,387800.0,389600.0,388600.0,387300.0,390100.0,384600.0,390100.0,387400.0,387200.0,390800.0,383200.0,391600.0,380200.0,391100.0,377200.0,392200.0,373800.0,392300.0,372300.0,393100.0,373300.0,395200.0,387000.0,Downtown,13th+st+&+new+york+ave+nw
146,503900.0,499900.0,503100.0,499200.0,500600.0,496500.0,498500.0,493900.0,496100.0,495200.0,491500.0,499000.0,487900.0,503500.0,478500.0,508700.0,465700.0,513000.0,457800.0,514900.0,456200.0,514900.0,451500.0,516100.0,501900.0,Downtown,14th+st+&+new+york+ave+nw
148,394200.0,397100.0,393100.0,401500.0,392100.0,404300.0,392700.0,404900.0,394800.0,404200.0,396400.0,410300.0,397000.0,418800.0,395200.0,423900.0,393100.0,422700.0,392300.0,422900.0,392200.0,427000.0,391100.0,433700.0,395400.0,Downtown,19th+&+k+st+nw
149,442800.0,451500.0,438800.0,456200.0,433700.0,457800.0,427000.0,465700.0,422900.0,478500.0,422700.0,487900.0,423900.0,491500.0,418800.0,496100.0,410300.0,498500.0,404200.0,500600.0,404900.0,503100.0,404300.0,503900.0,447400.0,Downtown,fenton+st+&+new+york+ave
150,388000.0,388400.0,387800.0,389600.0,388600.0,387300.0,390100.0,384600.0,390100.0,387400.0,387200.0,390800.0,383200.0,391600.0,380200.0,391100.0,377200.0,392200.0,373800.0,392300.0,372300.0,393100.0,373300.0,395200.0,387000.0,Downtown,new+york+ave+&+15th+st+nw
151,516100.0,518400.0,514900.0,516800.0,514900.0,517700.0,513000.0,521200.0,508700.0,523900.0,503500.0,526000.0,499000.0,527400.0,495200.0,527500.0,493900.0,526600.0,496500.0,527700.0,499200.0,530100.0,499900.0,532400.0,518200.0,Downtown,new+york+ave+&+hecht+ave+ne
152,447400.0,456200.0,442800.0,457800.0,438800.0,465700.0,433700.0,478500.0,427000.0,487900.0,422900.0,491500.0,422700.0,496100.0,423900.0,498500.0,418800.0,500600.0,410300.0,503100.0,404200.0,503900.0,404900.0,501900.0,451500.0,Downtown,norfolk+&+rugby+ave
154,527900.0,541000.0,519000.0,543500.0,512700.0,545800.0,507300.0,549100.0,500900.0,553100.0,494300.0,557100.0,489700.0,560500.0,486500.0,561600.0,483900.0,560700.0,481800.0,559900.0,479900.0,557800.0,478500.0,554300.0,536000.0,U Street Corridor,10th+&+florida+ave+nw
155,527900.0,541000.0,519000.0,543500.0,512700.0,545800.0,507300.0,549100.0,500900.0,553100.0,494300.0,557100.0,489700.0,560500.0,486500.0,561600.0,483900.0,560700.0,481800.0,559900.0,479900.0,557800.0,478500.0,554300.0,536000.0,U Street Corridor,14th+&+belmont+st+nw
156,463400.0,465300.0,462300.0,467900.0,461500.0,469100.0,462000.0,469100.0,462700.0,468800.0,464800.0,468900.0,466200.0,469400.0,464600.0,471200.0,463600.0,474400.0,466200.0,476900.0,466900.0,478500.0,464600.0,479900.0,463500.0,U Street Corridor,columbia+rd+&+belmont+st+nw
158,527100.0,543000.0,516000.0,545500.0,507000.0,547500.0,501800.0,551900.0,498100.0,553800.0,494000.0,551900.0,491400.0,553300.0,491100.0,558900.0,490700.0,564800.0,486700.0,569800.0,483700.0,571900.0,484500.0,570500.0,536300.0,Navy Yard,3rd+&+tingey+st+se
159,,,,,,,,,,,,,,,,,,454900.0,,455300.0,,455500.0,,455500.0,,Navy Yard,8th+&+eye+st+se+/+barracks+row
160,,,,,,,,,,,,,,,,,,454900.0,,455300.0,,455500.0,,455500.0,,Navy Yard,m+st+&+new+jersey+ave+se
161,527100.0,543000.0,516000.0,545500.0,507000.0,547500.0,501800.0,551900.0,498100.0,553800.0,494000.0,551900.0,491400.0,553300.0,491100.0,558900.0,490700.0,564800.0,486700.0,569800.0,483700.0,571900.0,484500.0,570500.0,536300.0,Navy Yard,potomac+ave+&+8th+st+se
162,603200.0,605200.0,600100.0,604700.0,597900.0,606300.0,597300.0,606100.0,597900.0,603700.0,599000.0,602800.0,598200.0,606100.0,595200.0,611100.0,592400.0,614000.0,591700.0,609600.0,591900.0,601200.0,591000.0,594400.0,605800.0,Navy Yard,potomac+ave+&+main+line+blvd
163,564800.0,571900.0,558900.0,570500.0,553300.0,569200.0,551900.0,569400.0,553800.0,571400.0,551900.0,575600.0,547500.0,579500.0,545500.0,583400.0,543000.0,587600.0,536300.0,591000.0,527100.0,591900.0,516000.0,591700.0,569800.0,Navy Yard,potomac+greens+dr+&+slaters+ln
164,,,,,,,,,,,,,,,,,,454900.0,,455300.0,,455500.0,,455500.0,,Navy Yard,s+glebe+&+potomac+ave
165,189500.0,186200.0,192000.0,183500.0,194100.0,180600.0,195300.0,178200.0,195200.0,176300.0,195700.0,175600.0,197500.0,174600.0,199400.0,173600.0,201100.0,172700.0,201900.0,171500.0,201700.0,170000.0,201800.0,168500.0,188200.0,Greenway,minnesota+ave+metro/does
166,178500.0,182400.0,176800.0,185600.0,175700.0,189100.0,174900.0,192300.0,174100.0,194400.0,173500.0,194800.0,173600.0,195200.0,174000.0,195400.0,173600.0,195100.0,172300.0,195600.0,170600.0,196900.0,168800.0,197700.0,180100.0,Greenway,randle+circle+&+minnesota+ave+se
167,455700.0,464900.0,451300.0,471600.0,446900.0,478600.0,442000.0,482100.0,435500.0,481100.0,426000.0,480100.0,415300.0,481500.0,408000.0,481900.0,404900.0,480200.0,401800.0,479400.0,398500.0,478900.0,397900.0,475900.0,459700.0,Takoma,31st+&+woodrow+st+s
168,435500.0,446900.0,426000.0,451300.0,415300.0,455700.0,408000.0,459700.0,404900.0,464900.0,401800.0,471600.0,398500.0,478600.0,397900.0,482100.0,397600.0,481100.0,396500.0,480100.0,392500.0,481500.0,385300.0,481900.0,442000.0,Takoma,columbia+pike+&+s+dinwiddie+st+/+arlington+mill+community+center
169,426000.0,442000.0,415300.0,446900.0,408000.0,451300.0,404900.0,455700.0,401800.0,459700.0,398500.0,464900.0,397900.0,471600.0,397600.0,478600.0,396500.0,482100.0,392500.0,481100.0,385300.0,480100.0,378400.0,481500.0,435500.0,Takoma,columbia+pike+&+s+orme+st
171,442000.0,451300.0,435500.0,455700.0,426000.0,459700.0,415300.0,464900.0,408000.0,471600.0,404900.0,478600.0,401800.0,482100.0,398500.0,481100.0,397900.0,480100.0,397600.0,481500.0,396500.0,481900.0,392500.0,480200.0,446900.0,Takoma,cordell+&+norfolk+ave
173,481500.0,480200.0,480100.0,479400.0,481100.0,478900.0,482100.0,475900.0,478600.0,474200.0,471600.0,479000.0,464900.0,486800.0,459700.0,493900.0,455700.0,501100.0,451300.0,507400.0,446900.0,509700.0,442000.0,508100.0,481900.0,Takoma,court+house+metro+/+15th+&+n+uhle+st
174,446900.0,455700.0,442000.0,459700.0,435500.0,464900.0,426000.0,471600.0,415300.0,478600.0,408000.0,482100.0,404900.0,481100.0,401800.0,480100.0,398500.0,481500.0,397900.0,481900.0,397600.0,480200.0,396500.0,479400.0,451300.0,Takoma,crabbs+branch+way+&+calhoun+pl
175,446900.0,455700.0,442000.0,459700.0,435500.0,464900.0,426000.0,471600.0,415300.0,478600.0,408000.0,482100.0,404900.0,481100.0,401800.0,480100.0,398500.0,481500.0,397900.0,481900.0,397600.0,480200.0,396500.0,479400.0,451300.0,Takoma,crabbs+branch+way+&+redland+rd
176,392500.0,397600.0,385300.0,397900.0,378400.0,398500.0,375700.0,401800.0,374900.0,404900.0,373600.0,408000.0,372500.0,415300.0,372700.0,426000.0,371400.0,435500.0,367900.0,442000.0,364100.0,446900.0,359200.0,451300.0,396500.0,Takoma,crystal+city+metro+/+18th+&+bell+st
177,451300.0,459700.0,446900.0,464900.0,442000.0,471600.0,435500.0,478600.0,426000.0,482100.0,415300.0,481100.0,408000.0,480100.0,404900.0,481500.0,401800.0,481900.0,398500.0,480200.0,397900.0,479400.0,397600.0,478900.0,455700.0,Takoma,friendship+blvd+&+willard+ave
178,442000.0,451300.0,435500.0,455700.0,426000.0,459700.0,415300.0,464900.0,408000.0,471600.0,404900.0,478600.0,401800.0,482100.0,398500.0,481100.0,397900.0,480100.0,397600.0,481500.0,396500.0,481900.0,392500.0,480200.0,446900.0,Takoma,friendship+hts+metro/wisconsin+ave+&+wisconsin+cir
180,378400.0,392500.0,375700.0,396500.0,374900.0,397600.0,373600.0,397900.0,372500.0,398500.0,372700.0,401800.0,371400.0,404900.0,367900.0,408000.0,364100.0,415300.0,359200.0,426000.0,353200.0,435500.0,350700.0,442000.0,385300.0,Takoma,king+st+&+patrick+st
181,500400.0,491900.0,504900.0,492600.0,507100.0,496800.0,506800.0,502200.0,506500.0,510000.0,508100.0,523800.0,509700.0,540700.0,507400.0,552500.0,501100.0,559400.0,493900.0,567300.0,486800.0,579300.0,479000.0,587900.0,494900.0,Takoma,king+st+metro+north+/+cameron+st
182,506500.0,507100.0,508100.0,504900.0,509700.0,500400.0,507400.0,494900.0,501100.0,491900.0,493900.0,492600.0,486800.0,496800.0,479000.0,502200.0,474200.0,510000.0,475900.0,523800.0,478900.0,540700.0,479400.0,552500.0,506800.0,Takoma,king+st+metro+south
183,506500.0,507100.0,508100.0,504900.0,509700.0,500400.0,507400.0,494900.0,501100.0,491900.0,493900.0,492600.0,486800.0,496800.0,479000.0,502200.0,474200.0,510000.0,475900.0,523800.0,478900.0,540700.0,479400.0,552500.0,506800.0,Takoma,lee+hwy+&+n+adams+st
184,480100.0,481900.0,481100.0,480200.0,482100.0,479400.0,478600.0,478900.0,471600.0,475900.0,464900.0,474200.0,459700.0,479000.0,455700.0,486800.0,451300.0,493900.0,446900.0,501100.0,442000.0,507400.0,435500.0,509700.0,481500.0,Takoma,lee+hwy+&+n+cleveland+st
185,378400.0,392500.0,375700.0,396500.0,374900.0,397600.0,373600.0,397900.0,372500.0,398500.0,372700.0,401800.0,371400.0,404900.0,367900.0,408000.0,364100.0,415300.0,359200.0,426000.0,353200.0,435500.0,350700.0,442000.0,385300.0,Takoma,market+square+/+king+st+&+royal+st
186,426000.0,442000.0,415300.0,446900.0,408000.0,451300.0,404900.0,455700.0,401800.0,459700.0,398500.0,464900.0,397900.0,471600.0,397600.0,478600.0,396500.0,482100.0,392500.0,481100.0,385300.0,480100.0,378400.0,481500.0,435500.0,Takoma,n+pershing+dr+&+wayne+st
187,372500.0,374900.0,372700.0,375700.0,371400.0,378400.0,367900.0,385300.0,364100.0,392500.0,359200.0,396500.0,353200.0,397600.0,350700.0,397900.0,351800.0,398500.0,353700.0,401800.0,356500.0,404900.0,359100.0,408000.0,373600.0,Takoma,n+veitch+&+key+blvd
189,481900.0,479400.0,481500.0,478900.0,480100.0,475900.0,481100.0,474200.0,482100.0,479000.0,478600.0,486800.0,471600.0,493900.0,464900.0,501100.0,459700.0,507400.0,455700.0,509700.0,451300.0,508100.0,446900.0,506500.0,480200.0,Takoma,washington+adventist+u+/+flower+ave+&+division+st
190,434700.0,435500.0,436300.0,439200.0,442200.0,443600.0,449900.0,448800.0,453900.0,452800.0,457500.0,454900.0,461800.0,456900.0,465300.0,465600.0,465200.0,479700.0,463300.0,490900.0,461500.0,498600.0,458600.0,504100.0,435300.0,Wakefield,connecticut+&+nebraska+ave+nw
192,448800.0,454900.0,443600.0,456900.0,439200.0,465600.0,435500.0,479700.0,435300.0,490900.0,434700.0,498600.0,436300.0,504100.0,442200.0,506100.0,449900.0,502800.0,453900.0,498200.0,457500.0,494800.0,461800.0,495200.0,452800.0,Wakefield,needwood+rd+&+eagles+head+ct
193,142800.0,141900.0,142600.0,142000.0,141200.0,141800.0,140400.0,143400.0,141800.0,147200.0,144900.0,150800.0,147200.0,152300.0,147600.0,153700.0,146600.0,154400.0,145700.0,154700.0,146300.0,155600.0,148100.0,158600.0,142200.0,River Terrace,18th+&+eads+st.
194,142800.0,141900.0,142600.0,142000.0,141200.0,141800.0,140400.0,143400.0,141800.0,147200.0,144900.0,150800.0,147200.0,152300.0,147600.0,153700.0,146600.0,154400.0,145700.0,154700.0,146300.0,155600.0,148100.0,158600.0,142200.0,River Terrace,23rd+&+eads+st
195,150900.0,151300.0,151800.0,150700.0,155100.0,149800.0,159300.0,148100.0,163000.0,146300.0,165600.0,145700.0,169000.0,146600.0,172800.0,147600.0,174400.0,147200.0,174400.0,144900.0,176000.0,141800.0,178400.0,140400.0,151200.0,River Terrace,anacostia+ave+&+benning+rd+ne+/+river+terrace
196,142000.0,143400.0,141900.0,147200.0,142200.0,150800.0,142800.0,152300.0,142600.0,153700.0,141200.0,154400.0,140400.0,154700.0,141800.0,155600.0,144900.0,158600.0,147200.0,162000.0,147600.0,165600.0,146600.0,168700.0,141800.0,River Terrace,s+stafford+&+34th+st+s
197,661400.0,676700.0,652300.0,684800.0,642900.0,693200.0,632200.0,700800.0,627700.0,705500.0,623200.0,708400.0,613100.0,709800.0,604200.0,707900.0,601400.0,705100.0,597100.0,707000.0,593900.0,710600.0,591300.0,711800.0,670100.0,Shepherd Park,13th+st+&+eastern+ave
198,705100.0,710600.0,707900.0,711800.0,709800.0,711500.0,708400.0,708300.0,705500.0,706100.0,700800.0,707500.0,693200.0,713900.0,684800.0,723800.0,676700.0,735400.0,670100.0,740900.0,661400.0,742900.0,652300.0,748500.0,707000.0,Shepherd Park,arlington+blvd+&+s+george+mason+dr/nfatc
199,652300.0,670100.0,642900.0,676700.0,632200.0,684800.0,627700.0,693200.0,623200.0,700800.0,613100.0,705500.0,604200.0,708400.0,601400.0,709800.0,597100.0,707900.0,593900.0,705100.0,591300.0,707000.0,587500.0,710600.0,661400.0,Shepherd Park,pershing+&+n+george+mason+dr
200,642900.0,661400.0,632200.0,670100.0,627700.0,676700.0,623200.0,684800.0,613100.0,693200.0,604200.0,700800.0,601400.0,705500.0,597100.0,708400.0,593900.0,709800.0,591300.0,707900.0,587500.0,705100.0,582400.0,707000.0,652300.0,Shepherd Park,s+george+mason+dr+&+13th+st+s
201,642900.0,661400.0,632200.0,670100.0,627700.0,676700.0,623200.0,684800.0,613100.0,693200.0,604200.0,700800.0,601400.0,705500.0,597100.0,708400.0,593900.0,709800.0,591300.0,707900.0,587500.0,705100.0,582400.0,707000.0,652300.0,Shepherd Park,s+george+mason+dr+&+four+mile+run
202,400300.0,398300.0,399500.0,397600.0,399600.0,396200.0,395500.0,390300.0,386200.0,383700.0,379800.0,382200.0,378500.0,381400.0,377700.0,379100.0,374700.0,378100.0,372700.0,378900.0,373400.0,379800.0,374500.0,382300.0,400900.0,Truxton Circle,florida+ave+&+r+st+nw
204,326900.0,329900.0,325900.0,334700.0,323400.0,340600.0,320000.0,347500.0,315700.0,355200.0,310600.0,363000.0,307300.0,368900.0,306000.0,372500.0,303400.0,376300.0,297000.0,384200.0,290500.0,395700.0,287100.0,405600.0,327100.0,Brightwood Park,5th+&+kennedy+st+nw
205,448300.0,450300.0,443200.0,454100.0,435800.0,461600.0,429800.0,467000.0,426500.0,468500.0,422500.0,469500.0,420500.0,470400.0,421100.0,471500.0,422000.0,473200.0,422600.0,475000.0,422600.0,475900.0,418800.0,476700.0,449500.0,Brightwood Park,georgia+&+missouri+ave+nw
206,276700.0,282800.0,275000.0,285300.0,274600.0,283400.0,274200.0,279200.0,273500.0,278800.0,273400.0,281500.0,273700.0,284200.0,274900.0,284900.0,273800.0,284100.0,272800.0,283300.0,274600.0,283200.0,278500.0,282800.0,278700.0,Brightwood Park,kennedy+center
209,,,,,,469700.0,,479300.0,,488600.0,,492000.0,,489100.0,,487700.0,,492600.0,,497800.0,,498500.0,,499200.0,,NoMa,north+capitol+st+&+g+pl+ne
210,191200.0,194100.0,188900.0,195100.0,185100.0,196300.0,181000.0,198400.0,178000.0,200000.0,175800.0,201700.0,173700.0,203600.0,172100.0,205700.0,170900.0,208300.0,169800.0,212600.0,168900.0,217200.0,167400.0,221000.0,192800.0,Hillbrook,nannie+helen+burroughs+ave+&+49th+st+ne
211,794400.0,796100.0,794100.0,794300.0,795800.0,789100.0,798200.0,784500.0,799600.0,786800.0,795700.0,788900.0,789200.0,788100.0,788900.0,786200.0,792700.0,785100.0,792600.0,782400.0,788200.0,780200.0,783600.0,777600.0,795100.0,Burleith,34th+st+&+wisconsin+ave+nw
212,472000.0,476400.0,472800.0,480900.0,470400.0,484900.0,465600.0,494400.0,462900.0,509000.0,463000.0,524600.0,462600.0,535200.0,458800.0,543000.0,452600.0,549900.0,444000.0,558800.0,435600.0,570600.0,428800.0,585000.0,472700.0,Ledroit Park,new+jersey+ave+&+r+st+nw
213,940100.0,947400.0,930500.0,943500.0,921000.0,942600.0,912100.0,945600.0,902000.0,950400.0,893900.0,962800.0,891800.0,974000.0,888000.0,975800.0,878100.0,965800.0,865700.0,954000.0,859100.0,941600.0,855700.0,938100.0,946900.0,Colonial Village,16th+&+k+st+nw
214,893900.0,912100.0,891800.0,921000.0,888000.0,930500.0,878100.0,940100.0,865700.0,946900.0,859100.0,947400.0,855700.0,943500.0,856000.0,942600.0,861100.0,945600.0,865500.0,950400.0,862700.0,962800.0,863200.0,974000.0,902000.0,Colonial Village,16th+&+r+st+nw
215,902000.0,921000.0,893900.0,930500.0,891800.0,940100.0,888000.0,946900.0,878100.0,947400.0,865700.0,943500.0,859100.0,942600.0,855700.0,945600.0,856000.0,950400.0,861100.0,962800.0,865500.0,974000.0,862700.0,975800.0,912100.0,Colonial Village,east+west+hwy+&+16th+st
216,691500.0,700900.0,690300.0,709200.0,696600.0,718000.0,704700.0,724500.0,709000.0,731700.0,707800.0,735000.0,710300.0,735500.0,718100.0,738100.0,727000.0,741900.0,731500.0,743300.0,730000.0,741900.0,723800.0,736500.0,695000.0,Colonial Village,n+rhodes+&+16th+st+n
217,740600.0,746200.0,735400.0,752300.0,732900.0,758600.0,736500.0,760500.0,741900.0,762000.0,743300.0,766100.0,741900.0,770100.0,738100.0,772100.0,735500.0,778000.0,735000.0,787000.0,731700.0,796900.0,724500.0,808100.0,743100.0,Colonial Village,prince+st+&+union+st
218,921000.0,940100.0,912100.0,946900.0,902000.0,947400.0,893900.0,943500.0,891800.0,942600.0,888000.0,945600.0,878100.0,950400.0,865700.0,962800.0,859100.0,974000.0,855700.0,975800.0,856000.0,965800.0,861100.0,954000.0,930500.0,Colonial Village,radford+&+osage+st
219,877600.0,870700.0,881800.0,867800.0,885400.0,866400.0,881300.0,863200.0,872800.0,862700.0,866800.0,865500.0,863000.0,861100.0,854600.0,856000.0,845700.0,855700.0,841300.0,859100.0,838500.0,865700.0,832600.0,878100.0,874800.0,Colonial Village,s+joyce+&+16th+st+s
220,718100.0,707800.0,727000.0,709000.0,731500.0,704700.0,730000.0,696600.0,723800.0,690300.0,718000.0,691500.0,719900.0,695000.0,722200.0,700900.0,719100.0,709200.0,713900.0,718000.0,715900.0,724500.0,719800.0,731700.0,710300.0,Colonial Village,s+joyce+&+army+navy+dr
221,766100.0,772100.0,762000.0,778000.0,760500.0,787000.0,758600.0,796900.0,752300.0,808100.0,746200.0,818400.0,743100.0,826000.0,740600.0,832600.0,735400.0,838500.0,732900.0,841300.0,736500.0,845700.0,741900.0,854600.0,770100.0,Colonial Village,walter+reed+community+center+/+walter+reed+dr+&+16th+st+s
222,502000.0,507000.0,501000.0,510200.0,500000.0,512700.0,499100.0,513900.0,497900.0,515200.0,497200.0,516700.0,495300.0,517000.0,491700.0,517200.0,488200.0,519500.0,485500.0,521800.0,483400.0,523900.0,482100.0,525500.0,504000.0,Judiciary Square,19th+&+g+st+nw
223,523900.0,533300.0,524600.0,538400.0,526100.0,542000.0,525500.0,543100.0,523900.0,542600.0,521800.0,544100.0,519500.0,550200.0,517200.0,556200.0,517000.0,556500.0,516700.0,551200.0,515200.0,547000.0,513900.0,545900.0,527300.0,Judiciary Square,4th+st+&+madison+dr+nw
224,446400.0,451000.0,445000.0,455700.0,441600.0,460200.0,437500.0,464400.0,433700.0,470100.0,432600.0,475800.0,433500.0,477900.0,434700.0,477800.0,435200.0,479800.0,436000.0,482100.0,437500.0,483400.0,436700.0,485500.0,448000.0,Judiciary Square,6th+st+&+indiana+ave+nw
225,355800.0,365300.0,354400.0,375400.0,355000.0,385000.0,358300.0,391100.0,358800.0,397600.0,355700.0,406100.0,351300.0,413000.0,346000.0,415500.0,341200.0,415200.0,338400.0,411300.0,335800.0,406900.0,334200.0,405200.0,358400.0,Dupont Park,army+navy+dr+&+s+nash+st
226,335100.0,332500.0,336200.0,327700.0,337800.0,327700.0,337700.0,331400.0,336600.0,334200.0,334000.0,335800.0,330700.0,338400.0,328900.0,341200.0,327600.0,346000.0,326400.0,351300.0,322900.0,355700.0,315500.0,358800.0,335300.0,Dupont Park,aurora+hills+community+ctr/18th+&+hayes+st
227,341200.0,351300.0,338400.0,355700.0,335800.0,358800.0,334200.0,358300.0,331400.0,355000.0,327700.0,354400.0,327700.0,355800.0,332500.0,358400.0,335300.0,365300.0,335100.0,375400.0,336200.0,385000.0,337800.0,391100.0,346000.0,Dupont Park,ballenger+ave+&+dulaney+st
230,819900.0,823700.0,816900.0,821900.0,816100.0,825700.0,815500.0,832300.0,814500.0,837100.0,810500.0,840900.0,804400.0,848700.0,800100.0,858800.0,798300.0,866900.0,796400.0,871100.0,793400.0,872900.0,789400.0,874000.0,823800.0,North Cleveland Park,39th+&+veazey+st+nw
231,823700.0,825700.0,823800.0,832300.0,819900.0,837100.0,816900.0,840900.0,816100.0,848700.0,815500.0,858800.0,814500.0,866900.0,810500.0,871100.0,804400.0,872900.0,800100.0,874000.0,798300.0,875800.0,796400.0,879300.0,821900.0,North Cleveland Park,connecticut+ave+&+yuma+st+nw
233,1570500.0,1608000.0,1555600.0,1618300.0,1544300.0,1614500.0,1542800.0,1605400.0,1553500.0,1596800.0,1559900.0,1597900.0,1547400.0,1608200.0,1526200.0,1619100.0,1511100.0,1629700.0,1506500.0,1638600.0,1507600.0,1640000.0,1501600.0,1644900.0,1587500.0,Berkley,montgomery+college/w+campus+dr+&+mannakee+st
234,167700.0,165400.0,168500.0,163200.0,170700.0,161700.0,172600.0,161400.0,174200.0,161600.0,175700.0,162800.0,177700.0,165800.0,178800.0,169100.0,179300.0,170300.0,180000.0,170700.0,182300.0,171500.0,185300.0,173500.0,167000.0,Benning,benning+rd+&+east+capitol+st+ne+/+benning+rd+metro
235,186700.0,186200.0,187200.0,185300.0,189300.0,184800.0,191400.0,184000.0,192700.0,182900.0,192600.0,180900.0,193000.0,178900.0,194800.0,176700.0,194500.0,174600.0,192000.0,172300.0,190800.0,169800.0,191600.0,167000.0,186500.0,Mahaning Heights,nannie+helen+burroughs+&+minnesota+ave+ne
236,868100.0,870100.0,865700.0,870100.0,861400.0,874000.0,859500.0,882500.0,858200.0,888700.0,855100.0,892900.0,850300.0,899500.0,845900.0,904800.0,840400.0,908200.0,835600.0,913300.0,832800.0,918400.0,831000.0,922900.0,869400.0,Friendship Heights,fessenden+st+&+wisconsin+ave+nw
237,935100.0,940800.0,930700.0,939100.0,930100.0,937200.0,931400.0,938300.0,929400.0,941200.0,927200.0,945000.0,925700.0,954000.0,922900.0,966400.0,918400.0,974600.0,913300.0,975500.0,908200.0,974300.0,904800.0,975000.0,939400.0,Friendship Heights,mckinley+st+&+connecticut+ave+nw
238,979900.0,990300.0,980900.0,991500.0,980800.0,986900.0,978200.0,983100.0,975000.0,981000.0,974300.0,981800.0,975500.0,987100.0,974600.0,992900.0,966400.0,996900.0,954000.0,1006500.0,945000.0,1019000.0,941200.0,1023300.0,983800.0,Friendship Heights,wisconsin+ave+&+ingomar+st+nw
239,389900.0,392600.0,388400.0,392900.0,386300.0,391100.0,383600.0,388200.0,380300.0,387600.0,378900.0,391100.0,378200.0,394200.0,377300.0,396000.0,377300.0,397800.0,377900.0,395700.0,376800.0,389800.0,376000.0,385200.0,391500.0,McLean Gardens,wisconsin+ave+&+newark+st+nw
240,381000.0,383100.0,380200.0,384700.0,379600.0,383700.0,380100.0,381400.0,380800.0,382700.0,378800.0,387800.0,376600.0,392700.0,375800.0,395800.0,377800.0,396500.0,380500.0,395200.0,382200.0,393600.0,383200.0,392200.0,380800.0,Penn Quarter,10th+st+&+constitution+ave+nw
241,380200.0,380800.0,379600.0,383100.0,380100.0,384700.0,380800.0,383700.0,378800.0,381400.0,376600.0,382700.0,375800.0,387800.0,377800.0,392700.0,380500.0,395800.0,382200.0,396500.0,383200.0,395200.0,384600.0,393600.0,381000.0,Penn Quarter,19th+&+e+street+nw
242,380200.0,380800.0,379600.0,383100.0,380100.0,384700.0,380800.0,383700.0,378800.0,381400.0,376600.0,382700.0,375800.0,387800.0,377800.0,392700.0,380500.0,395800.0,382200.0,396500.0,383200.0,395200.0,384600.0,393600.0,381000.0,Penn Quarter,20th+&+e+st+nw
243,418400.0,415700.0,418600.0,414500.0,418900.0,415700.0,417600.0,420400.0,414900.0,426500.0,414800.0,432500.0,416700.0,437900.0,415700.0,442500.0,413400.0,446000.0,411200.0,447900.0,406700.0,449300.0,400900.0,451900.0,417200.0,Penn Quarter,23rd+&+e+st+nw
244,459700.0,464400.0,457600.0,470800.0,456000.0,478200.0,453400.0,484300.0,450300.0,486000.0,449900.0,480200.0,452700.0,470500.0,457400.0,463900.0,462000.0,460700.0,465000.0,458000.0,467300.0,454600.0,466100.0,451300.0,461500.0,Penn Quarter,7th+&+f+st+nw/portrait+gallery
245,,,,,,,,,,,,,,,,,,,,,,,,,,Stronghold,10th+&+monroe+st+ne
247,435500.0,448700.0,428200.0,454800.0,,461200.0,,462900.0,,460100.0,,459400.0,,469200.0,,475600.0,,474100.0,,474900.0,,482200.0,,489400.0,441900.0,Stronghold,hamlin+&+7th+st+ne
248,,,,,,,,,,,,,,,,,,,,,,,,,,Stronghold,john+mccormack+dr+&+michigan+ave+ne
